1962,0,0,41,1,1,0,0,0,0,10,0,31,1,0,33,0,0,0,0,0,1.4,6.2,1,0,0,3,23,0,0,54.4,6.6,0,9,21.2,12,17,0,4.2,7.6,5.2,7,1.6,0,0,0,0,0,0,0,19.8,0,0,39,26.4,2.8,3,0.3,0,0,58,18,12,0,2,1.6,12.2,17.2,11.8,1.2,21.6,11,5.4,11.4,34,52.8,11.6,12,10.6,2.2,3.4,23.8,18.2,3.3,2.6,12.3,0,6.7,5.4,4.8,49.7,8.1,11.1,0,0,0,0,24,44.4,12.1,0,30,0,0,0,0,4,0,0,0,0,27,1,0,0,5.4,1,28.5,0,0,0,0,0,0,1.1,0.2,12.6,3.6,32.2,16.4,4.5,0.7,14.3,30.2,1.6,22.7,15.1,52.8,16,14.9,0.2,0.5,0,0,2.9,1.6,0.6,9.3,0,0,0,0,0,0,0,0,0,0,0,0,0,2,0,0,0,0,0,0,0,0,0,0,0,10,9.2,3,0,0,0,0,0,0,0,0,0,0,0,0,0,0,0.2,0.1,0,32.9,0.7,11,0,0,4,40.4,0,0,3.4,40,0,0,1,0,0,0,2.5,3,4.8
1963,0,0,0,0,0,0,0,0,0,0,0,0,0,0,0,37.5,0,0,0,18.9,0,0,0,0,0,0,0,21,4,0.3,0.8,32.8,0.1,24,2.7,0,0,0,0,2,47,9.6,44.4,0,47.4,132.8,1,0,10.7,0,0,0,0,0,0,0,0,0,0,0,0,0,0,0,0,0,9.8,0,0,0,0,0,0,0,0,33.2,0,54.5,1.9,0,13.5,14.3,106.8,14.1,0,0,0,0,0,12.8,2.1,12,3.2,3.2,0,0,1.5,37.8,0,1.5,11,3.3,3.2,6.5,21.6,20.1,37.3,61.5,5.7,0,9.9,53.8,23.5,22.6,36.2,46.9,4.6,0,18.3,0,21.2,6.8,2.1,0,28.8,0.2,3.3,34.4,54,9.2,0,0,0,31.1,21,3.9,0.2,2.4,7.6,1,0,28.4,24.1,14.2,24.7,0,7.4,0,0,36,0,0,0,0,4.8,0,0.1,0,0.3,0.1,0,0,0,0,0,0,0,0,0,21.3,0,14.2,0,0,0,0,0,0,42.2,1,16.8,0,111.8,0.6,13.8,45,0.8,0,0,0,0,0,0,0,0,0,0,0,0,0,0,0,0,0,0,0,0,0,0,0.1,26.1,0
1964,0,0,0,1.2,12.1,0.1,12,21.6,5.2,1,11.5,0.4,24.5,4.2,0,20.9,0,1.2,1.4,0,0.3,0.4,14.2,23.1,3,1.3,8,0.6,0.4,0.2,20.7,0.1,2.6,8.6,24,1.2,11.6,8.4,3,4.6,17,4.8,0,0,1.5,76.5,2,12.9,0,6,1.2,29.2,0,8,12.6,0.1,3.8,23.1,0.6,14.6,1.3,0,0,13.8,4.8,11.5,53.3,11.9,72.2,1.7,3,5.1,1,15.2,4,0,0.2,0,1.2,1.4,28,0,18.7,0.2,14.2,0.4,12.5,2.2,0,0,16.2,1.2,21.2,0.2,26,0,0,0.6,21.6,3,14.2,27.2,5.6,0,0,0,0,0,11.4,6.6,15.8,4.1,32.1,22.2,0,9.6,3.7,10,5.7,0.2,0,17.2,17.6,2.2,3.8,41.6,10.1,0,0,3,0,28.6,1.2,0.4,0,0,0,10.8,5.6,2.5,0.5,3,10.5,0,5.9,0,0,3.6,4,0,26,0,0,0,0,12,31.2,18.2,32.6,2.1,0.4,2.5,3.3,43.6,30.5,0,16,7.8,5.1,0,0.9,0.1,3.7,26.6,14.1,0,0.6,62.2,2.9,1.6,1.3,0,0,6.9,1.7,2,0.1,0,7.3,9.8,7.4,6.4,18.8,2.3,0.5,9.3,0,0,0,0,66,4,0,17.7,3.2,0,0,0,0,0,0,2.1
1965,0.6,8.4,0,0,0,0,0,0,7,3.2,47.1,28.8,1.6,3.2,47.9,5.8,38.5,28,20.9,2.1,0,23,0.4,10.2,0,26.2,17.6,0,6.4,13.1,20.8,4.5,0,0,0.4,0,0,0,0,0.1,18.4,0,92.4,0,52.8,39.2,39.4,7.3,14.7,0,21.1,54.5,42,39.7,0.4,0.1,0.9,0.5,20.3,0.6,0.1,0.1,0,0,0.4,15.3,7.8,3.9,11.3,2.2,1.5,6,0,0.6,9,1.8,0,32.9,4.6,0,0,0,0,0,0.5,4.3,0.1,15.7,0.1,0,3.6,0,20,8.4,0,0.1,0,1,4.5,8.6,4.5,4.6,6.5,23.9,8.8,28.8,0,0.5,49.3,1.6,0,0,0.9,0,0,34.7,1.2,1.3,0,0,17,1.5,3,41.1,28,9.7,64,0.9,8.1,20.4,38.7,55.7,39.8,0,8,0,0,0,0,0,0,4.3,0,0,2.1,0,0,0,0,15.6,15.7,4.4,0.1,19.1,0.3,1.9,0.1,21.4,8.3,26.5,2.8,0.2,0,29.9,27.4,0.1,0,0,0,0,0.1,0,0,0,7.7,0,0,19,0,0,0,0,0,12,0.5,7.3,14.3,36.8,5.4,1,0,0,0,0,0,0,0,0,0,0,0,0,0,0,0,0,0,0,26.5,3.1,0,0
1966,6.4,6,0,0,1.9,0,0,0,4.5,0.2,17.4,0.3,7,5.9,0,0,0,4.4,13.3,0,2.1,1,3.5,2.1,0.7,0.1,9.8,0,39.7,10.6,0,0,15.6,4.5,0,0,1.8,0.9,10.1,12.2,6.7,0,0.8,21.3,8,0,5.9,0,0,33.3,18.1,2.8,4.1,0,0,0,0,0,3.2,0,4.7,0,10,3.4,0,0,2.9,0,0,0,0.2,0,0.1,9.2,6.2,24.1,1.1,11.2,7.5,45.6,9.9,41.4,28.1,6.7,13.9,4.9,40.2,75.5,0,0,1.6,4.1,0.1,0,0,0,1.5,24.3,5.3,0,0,2.1,0.5,0,0,0,0,0,12.9,0,0.2,2.3,14.5,0,0.2,6.9,0.2,0,0,14.5,0,2.2,2.6,0,22.4,2.5,16.5,10.4,0,0,0,37.2,0,0.2,13.8,0,0,2.9,0,0,0.1,30.6,0.2,0,18,0.6,0,0,1.3,0,14.4,0,1.8,3,0,0,14.6,0,12.3,0.3,54.1,0,14.7,0,1.9,10,61.9,8.4,69,1.4,4.5,0,0,4.2,3.5,0,11.4,8.4,0,0,0,0,0,0,0,0,0,4.9,10.2,0,0,0,31.6,0.5,9.8,42.1,42.8,14.4,28.8,1.9,2.2,0,0,0,5.9,0,13.6,4.9,0,0,0,0
1967,0,0,0,0,0,0,0,0,0,0.2,8.2,0,0,0,0,0,0,0,0,0,0,6.3,0.1,10.4,0.3,3.5,3.4,9.6,17.8,0,4.5,0,0,0.8,0,46.6,6.2,4.6,0.9,0.8,0,0.6,4.3,4.8,0,0,22.4,25.8,28.2,0.3,30.7,15.5,0,3.1,2.5,4.4,0.2,1.5,13.4,0.8,0,14.1,19.4,10.3,17.4,0.2,0,0,0,0.9,9.8,0.3,2.7,5.8,20.9,17.1,8.9,7.9,2.7,9.6,2.2,0,3.6,1,2.6,1.7,10.3,9.3,0.3,0.7,0,0,0,0,0,0,3,1.7,4.1,10.4,0.8,0,2.1,20.9,1.3,13.1,0,0,0,0,0,0,0,0,20.6,12.5,0,0,0,0,0,0.9,0.5,0.3,27.8,12.2,56.6,1.7,4.7,44.6,50,0,1.6,0.2,0,0.1,0,0.1,9.9,40.9,27,53.1,14.2,21.7,17.7,16.6,0.1,6.6,2.8,15,15,10.2,10.1,32.4,0,9.5,2.6,11.1,14.6,33.5,0,0,0,0,0,0,0,0,13.1,19.2,75.1,0,3.4,0.5,0,0,0,0,0,0,0,0,0,0,0,0,22.6,21,0.6,55.5,1.5,2.1,27,17.2,0,0,0,0,0,0,0,0.1,1.2,0,0,0,0,0,0,0,0,0
1968,3.8,0.2,0,0,0,0,0,0,0,0,1.2,0,1.2,10.5,4.7,0.1,0,4.5,0.4,27.2,0.2,1.3,0,4,23.5,0,0,5.3,0.1,0,0,0,0,0,0,0,0,0,0,0,0.8,46.2,10.9,2.3,0,2.8,5.9,21.7,2.3,12.1,31.4,26.6,4.5,2,6.5,0,0.8,0,55.3,63.8,11.8,5,1,44.8,13.2,11.4,5.8,5.1,70,9.1,14.8,1.4,2.4,5.7,10,0,0,3.3,13.9,3,2.4,2.8,0,0.3,0,8.9,8.3,4.6,0.6,0,11.1,0.5,0,2.4,0,0,0,0,0,0,0,0,0,0.1,0,10.3,7,7,21,32,16.4,3.1,4.2,10.5,12.8,3.3,5.6,1.2,0,52,3.8,3.6,0,0,0,0,0.9,0,0,10.5,0.2,4,27.8,0.2,0,0,1.7,17.2,6.2,0,0,4.6,6.8,0,54.7,1.1,3,0,0,0,0,0,0,0,0,59.3,2.2,9.4,0.7,7.3,0,0.4,0,11.1,31.4,8.9,10.6,0,0,0,0,3.2,35.7,0,0,0,0,0,0,0,0,0.3,0,0,0,0,0,0,0,15.1,0,8,0,0,0,22.6,0,0,0,0,0,0,0,0,2.7,0,14.2,0,0,0,28.3,0.1
1969,0,0,2.2,1.8,0,14.5,0,0,0,0,0,9.1,4.4,2.6,15.2,7,0,27.5,23.5,39.3,13.1,0,0,0,15.2,0,6.4,0,0,10.2,3.5,7,1.9,2.4,20.8,4.8,27.4,0.4,2.1,0,0,8,6.9,53.9,34.7,85,6.3,0,2.8,14,0,0,0,0,0,0.1,3.2,4.6,4.2,13.1,0,17.4,0,68.5,16.3,0.8,7.9,8.3,0,0,0.6,3.8,14.3,1.1,16,0,32.7,8.2,3.8,8.6,3.8,0,0.3,3.2,0,0,11.8,32.8,0,1.9,8.5,7.2,45.2,0,0,0,0,8.7,24.5,3,0.2,1.6,1.9,5.2,14.6,12.7,5.8,59.3,13.6,1.8,32,1,86.5,8,2.4,21.7,57.6,10.4,16.5,4.3,7.8,22.1,3.1,7.2,0,0,0,0,8.1,9.5,0,3.6,0,0,0,8.3,0,0,0,0,22.4,5.7,6.2,65.3,25.3,0.1,33,0,0,27.9,10.6,46.8,62,28.9,0,4,0,29.2,3,0.7,0,6.2,0,0,0,0,0,0,0,0,0,0,0,0,0,0,0,0,1.7,6,0,0,0,0,0.2,0,17.6,0,7.5,1.7,7.4,9.8,5.2,34.8,0.1,0,4.2,0.4,6,0,0,3.6,0.1,0,0,0,0,0,0,0,0,0
1970,0,4.7,0,12,19.5,2,0,0,4.2,0.6,5.2,0,0.4,32,3.4,0,0,0,0,0,0,14.5,14.4,3.6,28.3,6.9,29,1.3,0.7,9.6,14.3,0,0,91.7,2,7.9,6.5,4.5,10.2,40.9,0.5,1.1,0.5,1.1,1,0,0.1,0,0,0,0,0,16,25.8,6.4,9.6,0,0,0,0,3,20.8,0.6,4.9,0,0,0,13.9,47,17,0,7.1,2.5,3.2,2.5,0,10.2,9.5,14.4,4.1,2.4,3.7,0,0,0,0,0,14.8,1.4,12.7,2.6,0,0,0,0,0,39.6,2.1,0,0,4.6,10,0,0,3.2,0,25.8,1.4,30.7,0.9,29.1,0.6,1.2,5.8,0,0,0,0,0,0,52.1,4,0,0,0,0,0,0,0,33.7,11,4.6,6.3,14.1,0.1,0,0,0,19.8,0.7,0,16.3,8.7,0.2,0,0.6,1.1,0,0,0.1,0,0,3.2,2.3,1.4,0,0.2,0.9,4.9,14.8,45.8,0,0,1.4,0,0,0,0,0,0,0,6.5,10,13.2,5.9,0,0,0,6.5,24.9,30.5,18.1,0,0,0,5.1,0.8,0,2.8,16.8,4.7,0.4,1.7,13.7,0.3,0.9,0,0.2,1.6,0.1,27.6,13.2,29.5,0.1,0.4,5.9,0,0,0,0,0,0
1971,0.1,2,0.3,2,0,3.4,7.7,7.9,46.4,0,12.1,12.9,1.9,15.6,0,1.6,0,9.4,0.2,4.2,0,0,12,0.2,0.5,24.3,22.8,50.6,4.4,0.3,31.5,6.7,11.4,10.2,1.8,0,0.8,5.5,0,0,1.2,0,0,20.7,28.7,20,43.9,4.2,0.8,95.7,14.1,25.3,31.5,27.3,0.2,11.4,0,4.4,1.8,0,0,4.6,2.9,0,1.9,13.3,65,12.5,0.3,13,4.7,13.8,4,29.6,0,0,1.8,10.9,2.2,1.2,13.9,0,12,2.7,29.3,4.7,36.6,32.8,0,0,0,0,0,0,0,0,6.1,0,0,1,0,0,0,0,0,0,0,0,0.8,0.2,0,3.1,0,0,0,0,1.5,1.5,7.1,0,0,0.4,0,7.1,0.2,4.3,2.3,3.5,0,0,0,0,0.2,0.2,5.2,0,9.2,3.4,1.3,0.3,0.2,0.7,3,0.3,5.5,0,0,1.5,0,26.2,16.8,0.7,0.7,0.4,0.3,15.4,19.5,0,0,0.1,0,1.6,4.9,16.8,2.6,0,0,0,0,0,27.4,0,1.9,4.5,5.3,3.1,0,0,0,1,0,0,0,0,2.3,0.6,0.4,26.2,4.4,1.9,13.6,18.5,0.6,31,30.3,2.2,2.1,0,8,0,0,0,0,0,0,0,0,0,0,0,0,0
1972,3.5,22.2,23.2,0,5.6,11.3,46,2.6,5,0.2,3.6,32.2,0,1.2,3.7,0,0,81.8,0,0,0,0,0,0,0,0,0,0,16.5,0,1.1,5.3,0,41.7,0.6,26.1,1.2,3.1,0,0,5.3,32,29.4,40,5.6,6,0.5,23.2,83.8,15,2.8,0,1.5,0.4,0.9,0,35.9,0,11,0.2,0,0,0,0,0,0,0.4,2.6,0,20,11.9,74.8,2.8,0,22.9,0,78,0.5,4.7,8.9,24.4,17.6,91,30.7,32.7,2.1,9.4,4.6,23.3,0,1.2,5.8,0,0.1,0,0,0,0,0,0,2.8,0,0,0,0,0,1.6,30.6,2.2,4.2,48.2,0,6.4,48.8,0.2,0,11,0,1.2,4.1,4.1,7.3,34,53.8,0.3,0,4.4,0.2,0.1,0,0,4.3,0,0,0.1,41.5,6,0,4.9,5.4,0.9,0,0,36.3,3.5,19.5,1,0,0,0.6,0.7,1,0.2,0,0.8,0,9,0.4,15.7,10.5,0,18.9,0,2.5,26.3,6.1,6.1,0,0,0,0,0,3.4,0.7,23.6,3,21.7,0,4.6,6.8,61.2,2.6,23.6,4.5,0,0,0,0,0,0,0,0,0.6,1.7,9.2,0.2,36.8,0,6.7,0,0,0,0,0,0,0,0,0,0,0,0,0
1973,39.1,0,0,0,0,0,0,0,43,0.3,0.2,0,1,11.7,0.2,42,49.5,7.5,17,1.2,0,23,5.1,0,0.3,8.6,2.9,6,0.5,22.3,0,0.6,12,2.5,2.9,20.4,0,5.7,0,0,9.6,15.7,12.3,1.6,0.3,1.5,38.4,0,0,0.3,0.4,6.6,3.8,8.4,19.7,9.8,0.3,0.1,8.6,9.4,6.7,1.5,0,2.7,1.6,3.5,7.7,0.5,0.1,0,11.3,0,0.1,0,3.5,0,25.9,28.9,12.3,9.5,8.1,0,36.1,0.2,0,0.6,0,2,0.1,0,0,4.7,0,0,2.8,0.5,2.8,0,3.1,0,32.7,0,0,5.9,2.4,0,8.9,0,0.4,0,0.2,0,1.8,0,0,9.5,0,0,7.4,0,0,0,12.3,45.4,4.9,12.3,1.1,0,0,0,0,0,0,21.4,0,0,33.5,0.1,1.4,0,0,0,0,0,0,0.5,0,1.4,79,0.7,4.6,0.7,0,16.4,0,8.8,1,8.7,10.4,0.3,3,28.3,14,0,1.3,17.3,5.4,8.9,16.2,20.2,1.7,7.6,9.2,13.4,0.8,0.2,9.7,25.8,2.4,7.3,20.9,0,8.7,8.4,0,29.1,0,0,0,0,0,5.6,0,0,1.2,3.8,22,1,0,0,0,0,0,0,0,0,0,0,5,4.2,1.7,0
1974,0,0,0,0,22.9,0,23.4,0,0,35.7,0,0,22.2,0,3.7,12.4,0.3,3.3,3.4,0,1.7,0.3,34.2,0.3,0,9.4,0,4.1,0,0,0,43,0,0.2,0,0,0,3,0,0.3,0.4,0,0,14.2,0.6,42.7,0,0,26.4,0,0,0,0,0,22.6,0,0,18.5,11.5,2.7,0,0,0,0,5,9.3,0.8,1.3,9.6,26.5,0,14.2,32.1,0,0,4.6,8.5,0.4,5,1.2,34,0,0,2.8,11.7,0.8,4.6,0,0.5,0.4,12.6,0.4,0,0.1,28.9,10,13.5,41.8,0.4,1.5,7.5,3,0,3.8,0.1,0.9,0,0,2,0,1.8,20.5,13.9,10.8,0,44.3,0.1,24.8,3.6,0,0,0,0,8.5,0,0.2,2.5,1.9,3,25.3,5.6,0,0,29.5,17.3,0.6,8.4,0,0,3.7,0,0,37.6,2.6,14.2,0.4,1.9,54.5,10,0,0,0,0,0,0,0,0,0,0,1.9,0,0,0,0,0,0,8.5,0,9.8,0,0,0,0,4,0,13.9,0.1,0,0.2,14,0.5,0.2,9.1,28.1,0,6.1,10.2,0,0,0,0.8,0,0,0,18.3,17.3,0,27.2,40.3,34.4,0,0,1.9,0,0,0,0,0,0,0,0,0
1975,0,0,0,0,0,0,0,14.1,0,35.4,0,2,11.4,0,0,0.5,6.5,2.7,4,0,0,0,0,0,13.3,0,3.1,19.5,0,0,8.6,11.4,21.8,0,28.4,0,1.3,3.4,22.2,0,0,0.2,0.5,0,21,0,0,0,4.6,6.5,14.4,0,0,1.4,4.2,3.2,0,0.7,0,5,4.8,1.6,0.6,0,0,0,0,2.4,48.4,5,0,4,0,0,10.5,6.1,67,5.4,6.9,0,0,0,0,0,17,35.1,3.7,0,0.1,3.1,0,22.9,2.1,10,3.5,30.4,18.6,6.3,3.8,11.4,2.1,1,0,0,0,0,0,8.2,7.1,0,0,0,0,0.6,3.6,0,0,0,20,3.4,5.4,0,0,0.5,0.2,1.4,15.3,26.6,5.4,0,0.2,1.6,13,28,19.5,0,26,0,2.4,0.8,10.3,0,0,0,7.1,0.3,0,11.8,99.5,56,4.1,19.9,5.4,4.8,0,0,0,0,0,0.2,19,13.4,0,5,5.1,5.2,1,33.2,0,2.2,0,0.8,2,19.8,17.5,0.4,0,0,5.2,1.4,15,7.9,71.8,0,0,0,0,0,0,0,0,0.4,18.4,0,0,5.2,17,0,0,0,0,0,0,0,0,0,0,0,0,0,0,0
1976,0,0,0.3,0,0,18.3,5.4,0,5.9,4.3,2.4,0,0,0,0,0,0,0,5,0,4.4,0.6,1.7,31,20.4,0,0,0,0,0,0,0,5.6,2.7,12,8.5,0,0.7,7.8,0.3,0,18.1,2.4,1.4,9.9,1.2,1.4,0,88.5,18.4,8.3,2.8,6.5,0,0,1.2,0,0.6,16,7.4,22.6,7.3,2.4,1.9,62.7,1.5,0,6.6,0,11.8,3.1,20.2,0,20.7,26,11.1,35.5,7.2,0,0,15.8,5,1,14,0,0,0,0,6,0.8,0.2,0,0,9.4,3.4,1.4,2.4,1,26,29,0,0,0,0,0,17.4,3.4,0,2.7,0.8,5.4,11.4,63.5,10.4,7.2,6.8,10,5.6,3,2.4,6,7.4,18.3,24,8.6,16.8,1,3,0,0,0,0,0,0,0,0,0,0,0.2,0,0,0,0.8,0,0,1.4,17.1,5.6,0,0,0,0,0,0,0,0,0,0,0,0,0,0,0,10,0,0,0,0,61.8,0,2.6,2,5.5,0,0.3,0,0,0,0,11.5,0,24.3,10,10.5,3.2,0,25.4,1.1,0,0,12.5,0,0,0,0,0,0,0,0,0,0,0,37.2,1,22.6,0,4,0,0,0,0,0
1977,10.8,7.6,68.3,0.4,7.4,6.1,4.6,0,0,0,0,0,0,0,0,0,0,0,0,0,0,0,0,0,0,1.5,14.1,0,5.3,22.6,0.8,6.4,0,38.2,0,1.7,0.6,0,11,0,3.1,0,10.5,0,0,0,0,0,0,0,3.5,0,0.8,3,1.6,12.7,8,0,27.4,1,33.7,11.2,5.7,0,0,0,0,0,0,0,6.3,0,0,1.1,20.4,12.5,1.5,0,5.7,8.2,0,5.8,13.7,0,2,6.3,22.6,12.7,33.4,29.9,31.6,0,9,26.3,0,21.8,45.4,12.2,14,5.2,2,7.2,15,64.3,32.8,12,0.1,17,2.5,26.3,0,0,0,0,4,0,0,0,0,0,0,0,0,0,0,11.7,0,0,0,0,31,3.7,27.2,39.5,22.5,8.4,7.4,1.8,0.4,35.8,0,2,1.6,0,0.5,0,44.6,12.1,0.8,0,0,0,1.5,16.2,19.8,0,10.2,32.6,6.7,35.1,16.8,13.5,0.1,0,0,0,0.2,0,0,0,0,0,0,0,0,0,0,0,0,2.2,21.6,16.3,0,0.2,23.7,44.4,1,0,0,0,4.8,0,0,22.6,0,5.6,0,0,0,0,0,0,0,1.4,12.5,0,0,0,0,0,0,0.1
1978,0,0,0,0,0,0,0,0,0,5.3,5.1,0,0.5,4.8,6.6,6,37,0,0,8.8,7.1,16.3,0,0,0,2.3,0,0,0,1.1,0,0,0,0,0,0,4.3,0.7,3.6,0,9.8,2,11.6,6.5,14,0,0,8.1,0,16.2,0,0,0,0.3,8,24.5,0,0,5,40,0.6,2.6,0,2.2,2.4,0,1.2,48.8,0,7,2.5,0,0,1.2,6.3,11.8,3.6,3,17.2,5.5,9,0.3,0.3,1.1,25.3,0,0,0,0.5,3.4,32,3.4,1.4,6,0,0,0,9.7,1.5,9.6,42.9,41.2,32.1,30.2,4.6,2.9,0,16.7,21.5,16,14.1,33,10.2,0,7,11.7,0.1,2,15.9,4.6,6.4,0.6,35,0.5,2,9.4,12,0.5,7.5,42.8,1.2,10.2,1,0,0,0,0.4,5.6,5.8,0,12,12,40.6,2.1,31.5,0,0,0,0,0,0,0,0,0,0,0,0,0.4,37,1.6,10.8,11.4,0,9.4,3,0,0,14.5,0,0.2,81.6,0,0,12,4,0,1.6,0,0,1,0,0,15.9,13.1,5,1,0.4,0,0,0,0,9,10.3,0,0,0,0,0,0,0,0,0,0,0.3,14,0,0,0,0,0,0.5,3
1979,0,0,0,0,0,0,0,0,20.4,7,8.6,0,3.5,1.6,1.2,0,13.2,0,1,0,0,0,0,0,0,0,0,0,18.6,0,32,0,13.5,31.6,0,0.4,2.9,0,0,0,1.6,0.2,0,0,12.7,18,0,0,0,42.2,0,0,9,0,0,2.9,26.8,8,0,0,21,0,0,0,0,0.6,0.2,18.3,0,19.2,0,18,0.4,0,19,13.4,4,7,11.8,2.6,15.2,45.3,4.5,0,19.4,9.1,0,3.4,1.5,61.8,34.1,4.5,10.6,34.8,8.2,7.1,0,0,0,16.6,73,53.2,3.5,1.8,37.4,32.8,19.4,8,25.8,12.5,13.2,0,18,34,0,0,0,1.7,0.6,17.3,3.6,13.8,12.3,0,9.3,0.3,14.4,39,1.4,0,41.4,39.5,0.7,10.3,1.6,16.6,22,65.4,57,28,14.8,49.4,0,0,0,0,11.2,0,0,15.6,15.6,6.4,2.4,2.2,2,0,1.3,0,0,0,2,0,0,0,0,0,28,11,23.2,0,0,0,0,0,0,0,0,0,0,0,0,0,8.2,7.7,1,2.5,7.6,0.1,0,11.8,2.8,2.8,0,7.6,0,13,9.5,3.6,34.4,36,0,0.4,0,0,0,0,0,0,0,0,0,0
1980,0,0,0,0,0,0,0,0,0.1,0,0,0.1,5.4,1.8,0,0,0,0,0,0,0,0,0,0,0,0,0,0,0,1,0,7,0,2.3,0,8.4,10.6,20.1,1.9,0,5,9,16.8,0.4,1,0,0,0,0,0,4.3,0.3,33.2,0,40.3,0,19.4,19,0.2,0,4.5,6.4,9.2,47,5.1,0,0,0.5,0.4,13.8,0,0,0,16.4,1.1,7.8,1.2,55,2.3,6,17,8.3,5.2,1,0,2.8,0,0,3,0.8,0,4.7,5.6,2.2,20.8,9.2,0,0,0,0,1,32.5,38.4,16,0,0,26.6,22.8,11,17.1,0,0,10.7,7,1,16.2,0.2,0,14.3,0.3,0,0,0,8.2,15.2,0.5,0,0,0,0,0,0,4.4,2.2,41.8,3,0,0,0,0,0,0,0,0,0,0,0,0,0,0,0,19.5,0,0,5.2,0,0,2.8,0.5,0,1,0,17.4,20.6,13.6,0.9,0,0,0,37.4,76.9,4.6,23,26,22.6,0,22,53,1.3,12,0,0,7,0,10,63.8,0.3,0,0,3,0,0,0,0,0,0,0,0,1,0,0,0,0,0,0,0,0,0,0,0,2,3.2
1981,0,12.6,27.7,0,18,0,10.1,0,31,0,25,0,33,0,57.6,13,21.1,6.3,16,10.9,0,23.2,0,27,0,1.2,0,17.8,0.3,42,32,18,39.6,6.7,0,12.7,0,0,41.8,0,0,1.6,1.7,14.7,45.4,23.6,9.6,7.7,37.2,1.4,41.6,0,15.6,1.8,15,24.8,12.4,10.8,0,10.6,2.4,20.4,0,7.2,1,0.6,5.2,0,10,1,9,1.2,8.4,0,0,22,0,7.6,29.8,49.6,0.3,0,3,0,0,0,0,12.6,2.6,16.4,6,5.6,11.4,8.9,3.5,23.4,0.2,0,12.4,0,31.4,11.6,17.1,2.8,21,20.2,1.2,0,3,0.3,8.5,48,29.6,32,8.5,18,15,0,6.5,63.3,1,0,0,22,8,0,0,0,23.2,5.6,0,0,0,0,0,0,0,0,0,0,0,0,0,0,15,0,0,6.7,0.4,1,0,3.6,0,11.4,12.1,51.4,5.1,33.8,0.9,6.4,2.3,3.5,2.5,0,3.1,11,0,0,0.1,0.1,9.6,0.1,0,4.8,0,31.1,0.1,0,9.8,23.2,3.6,3.8,0,0,0,0,0,0,6.8,0,12.6,28.8,0,0,24,7.6,20.2,0.9,8.8,4.8,0.2,0,0,0,0,0,0,0,0,0,0,0
1983,0,0,0,0,0,2.8,0,0.7,0,6,0.6,21,24.7,27.2,2,2.5,2.3,0.8,7.4,40.2,6.6,0,21.1,0,30,1.8,6.5,0,0,0,4.6,10.4,28.8,26.8,3.9,11.8,10,0.4,30.1,21.2,3,2,1,3.5,3,1,50,7,2.2,1,6.3,2,2.3,2.2,34.5,0,0,14.2,0.3,4.2,21.5,22.2,7.9,0,6.5,0,0,0.1,7.7,17,1.6,18.2,0,25.6,0,4.8,36.4,11,9.2,0,19,2.8,1.6,2.2,18.8,8.6,26,4.2,1.5,41.8,0.5,0.7,18,6.4,0,0,0,0,0,3.2,39.1,0,0,9,5.2,0,0,0,0,0,1.4,12.4,0,0,4.6,0,3.2,17,5.2,11.8,1.3,0,0,0,0,12,0,9.2,5.5,12.8,8.6,0.2,0,0,19.8,7.8,2.4,10.8,0,0,0,13.2,16,0,0,0,1.2,17.2,0,0,0,0,0,2.2,0.4,0,0,1.7,13,5.4,1,7.2,0,0,34.8,0,0.4,0,0,0,0,18.6,0,1.3,14.9,0.6,3.8,0,1,18.8,0.4,0,34.4,1.6,30.6,3.2,0.8,0,32,18,6,0,0,0,0,0,0,0,0,0,0,0,0,0,0,0,0,0,0,0,0,0
1984,5.9,25.2,0,0,0,0,0,0,0,0,0,0,0,0,32.6,2.2,2,0.1,2.6,15.6,22.3,10.8,23.2,1.2,53.2,14.1,1.6,1,0,0,0,0,0,0,0,0,0,0,0,0,0,15.9,0,12.4,0,8.6,0,0,0,33.6,1.1,4,1.6,2.6,1,0,0,2,4.5,0,0,0,0,0,8.8,14.8,4.6,38.3,0.2,1,8,15.2,0,0,0,0,0,3.5,0,7.1,1.4,0,0,0,0,0,0.7,18,0,3.6,6.2,3.4,14.6,0,1,9,39.8,5.2,3.4,16,14.4,3.2,1,11.4,23.4,8.4,46.6,2.2,9.6,44.3,22.2,0.1,5.3,4,1.2,0.2,8.3,4.2,7.4,2.8,7,4.6,2.7,20.7,0,0,0,12.6,0,0,8.4,2,0,4.7,0,0,0,0.1,0,0,0,1.4,0,0,0,11.4,32.3,0,1.4,52.2,10.8,0,0,1.8,11.2,0,7.2,6,0,0,25.4,0,0,5.6,4.2,1.8,0,2.2,0,5.9,13.4,19.8,18.6,0,0,0,0,0,4.4,6.6,5.4,38.6,0.3,3.2,0,0,0,4.8,10.6,0,0.7,0.4,62.7,15.8,3.9,0,0,7.8,0,0,0,7.2,0,0,0,0,0,0,0,0,0,0
1985,0,1.4,0,0,0,7.6,0.2,5,0,16,0,1,0,0,0,12.2,0,0,5.3,0,11,0,7.7,0,20,39.8,6.8,2.5,0,59.2,36,2.6,0,0.6,0,0,21,0.2,2.6,46.6,16.1,0,0,0,0,0,0,0,0,0.3,0,0,0,1.4,0,2,2.4,0,16.6,6.8,8.7,1.6,0,0,15,0.4,0,0,16.4,1.4,0,8.6,11.5,0.6,5.4,0,0,7.6,0.6,1.2,0,19.2,29.6,12.8,25.4,16.1,15.7,13.4,17.8,48.7,13,1.1,2.1,0,0,4.8,0,0.1,8.2,25.8,5.2,5,9,0,0,38.2,7.1,31.6,2.2,5,0,0,0,0,0,0,0,0,1.2,8.2,45.1,0.5,0,0,0,0,5.8,6.2,20.2,8.5,2.4,1.3,0,0,0,0.5,23.1,40.8,0,17.7,0.9,0,1,1.6,0,0.3,0,0,4.4,2,0,0,7.2,0.8,12,22.7,5,0,1.2,22.8,0,0,0,0,8.2,0,0,0,0.1,4.2,0,0,0,0,0,0,0,0,0,0,0,0,0,0,0,0,0,0,0,0,0,0,29.8,0,0.2,0.8,4,4,0,0,0,0,0,0,29.7,0,0,0.5,0,0,0.3,0
1986,0,0,0,0,0,0,0,0,0,0,28.4,12,4.6,0.4,22.4,0,0,0,0,5.6,9.6,1.6,0.7,0,0,2.5,0,16,1.9,0,0,0,12,0,0,0,0,14,1.8,0,0,0.2,6.5,19.2,1,10.2,0,8,12,0,0,0,0,0,0.5,0,0,0,0,4.1,22.8,16.4,9.8,0,1.4,8.2,0,0,7,28.2,0,0,0,0.2,5.4,7.6,0.5,10.5,0,0,0,0,0.4,3,19.3,16.7,33,5.2,0.3,5,16,6.5,0,0.4,0,3.4,0,0,18.2,2.2,8.9,0.1,3,0,0,0,0,0,0,2,11.6,0.5,3.6,0.4,0.1,3,9.7,0,3.6,3.2,0.4,7,0,0,0,0,0,0,0,2.2,0,0.2,28.4,8.9,0.4,20.8,28.8,0.7,0.6,4,30.2,7,12,0,0,0,0,0,10.6,0.7,0,9.5,19.9,18.5,0,0,17,0,27,8.2,45.8,58.9,9.5,0,24.6,0.1,9.2,0,0,0,1.4,2,24,27.4,0,7,0.1,0,0,1.2,1,1.1,0,0.6,90,0,20.3,0.6,11.1,0,0,0,0,0,0,0,0,0,0,0,0,0,0,0,0,0,0.1,0,4.6,26.3,8.8,28.4
1987,0,23.6,4.6,0.1,0,8.4,5.2,0,5.8,0,1.1,0,0,0,0,0,0,0,0,1,0,9.7,0,0,4.1,9.6,0,0,0,0.2,7.4,0,1,0,0,0,2.8,34.9,0.4,0,64.6,16.1,12.8,16.9,18.8,27.5,7,1.5,2.2,6.2,0.2,0.7,4.9,12.4,1,17.8,6.8,37.3,0,5.9,23.2,6.1,24.1,3.5,24.3,6.8,0.9,0,10,0.4,8.2,69.1,0.8,1,0,37,24,33.7,12.1,1,0.6,8,3.3,0,17.4,2.6,20.8,0,13.4,0.3,0,3.6,17.1,3.3,6.4,12,0.4,1.9,0,0,2.4,13.6,14.8,69.1,0.1,0,0,0,0,0,0,0,0,0,0,0,0,0,0,0,0,0,0.7,0,43.2,0.3,14.8,7,13,7.8,18.6,13.6,28.7,7.8,11.2,0.2,5.6,2.8,14,0,35,0,7.9,0,0,0,0.2,0,0,0,28.5,30.8,14.2,1.3,43.7,0.5,25,14.7,0.7,0,5.2,6.4,40.2,20,52.8,0.6,33.6,0,2.3,0,0,0,4.6,0,0,0,5.2,18.2,0,0,0,0,0,0,0,0.4,45.6,7.5,0,7.4,0,0,0,0,0,0,0,3.2,1,66.1,29.8,31.5,31,0,0,0,0,0,0,0,0,0
1988,0.7,0.4,0,0.2,0,1,0.7,0,0,0,0,0.5,0.4,0.5,0.8,0,0,32.2,0,0,59.9,0,24,15.5,0,0.6,2.6,14.4,8,0.1,0,0,0,25.2,37,36.8,9.8,14.9,0,31.8,2.4,0.2,0,0,0.2,0,0,0,0,0,0,2.5,10.6,0,8,1.7,11.1,16.8,0.8,1.6,19,0,7.5,18.9,0.4,33.8,1.6,0,0,0,6.4,0.7,2.8,18.9,2.9,0,28.8,34,0.5,5.2,7.1,17.5,0,56.8,0,2.7,6.2,0,0,0,0,0,16.4,0.4,16.8,40.4,4.9,16.5,0.4,4.4,8,9.9,6.2,17.5,2.1,28,0,0,41,8,23.3,0.2,0.2,0,0,0,0,0,0,0,0,0,0,0,0,34.8,0.1,22,0,51.8,3.5,13.6,11,17.8,16.1,4.2,3.7,27,0.5,4.2,9.5,0,0,0,6.6,1,2.4,0,26,18.2,0,0,0,55.1,0,8.2,43.9,0,6.2,0.8,0.6,31.3,0,0,1.6,0,1.4,10.4,0,0,2.8,0,0,0,0,0,13.8,0.2,0,0.5,0,0,0,0,0,0,0,0,0,0.4,0,0,0,0,37.2,0,0,0,0,0,0,0,0,2.4,5.6,1.8,0,0,0,0,0,2
1989,8,1.6,0,0,0,0,0,5.7,7.4,4.8,0.1,0,24.6,0.1,0,34.4,0,32.7,5.2,0,18.6,0,32.3,10.6,0,0,0,1.1,3.8,0,0,0,0,0,16.1,20.2,0,0,26.5,0,8.2,12.4,9.5,10.5,12.2,0.1,7.5,13.8,26.7,7,7,0.6,0,0,0,0,0,7.1,0.6,3.2,22.8,17.2,8.4,5,3.6,3.3,4.3,2.6,38.8,0.6,19,6.4,6.5,6,8,2.2,42.5,33.7,67.6,10,49.3,14,29.8,0,5.4,27.8,1.6,5.5,5.6,24.7,3.3,1.3,2.6,19.3,2.2,30.4,66.4,0,0,1.7,29.7,0.2,0,1.6,0,0,0,0,0,0,0,0,0,0,0,0,0,0,23.4,0,14,16.2,0,0,0,0,0,0,0,0,22.9,0,0,9.2,6.6,0,24.1,25.1,11.5,8.3,4.6,1.4,0,15.8,0,2.2,3.8,22.5,10.9,0,3.2,7.8,0,1.4,0,0,0,2.2,3.6,0,0,0,0,0,0,0,14.6,3.6,0,1.8,18.8,0,0,0,17.5,0,0.4,0,0,6.8,0,0,0,0,0,0,0,9.1,30,0,0,3.6,3.4,0.2,17,38.6,2.6,0.6,0,0,0,0,0,0,0,0,0,0,0,0,0,0
1990,0,0.4,0,0,0,0,0,0,0,0,0,0,0,0,0,16,3,4,7.4,0,8,1,16.6,1.8,72.5,2.5,28.2,0,0,0,0,2.9,2.2,8.8,8.4,5.2,10.9,35.2,0,0,0,9.6,16,0,3.8,0,0,0,0,17.6,0,0.6,10.2,0.6,2,0.5,12.4,2.2,0.1,47.6,0,2.2,1.6,0,0,0,0,0.2,1.1,0,13.7,3.6,0,7,1.4,0,0.2,0,0,0,0,11.6,0,4.6,0,0,0,0,10.5,0,7.8,21.4,0,87.8,0.2,0,14,1.2,25.6,0.2,10.6,6.7,3.2,0.2,1.9,43,8.6,5.5,11.8,2.2,0,7,0,0,0,2.1,13.6,1.4,22.8,0.6,8.6,75,7.5,12.5,13.7,0.1,0,13.7,16.4,9.6,6.2,0,4.3,4.4,0,5.6,5.1,10,0.1,5,21.4,6,3.1,0.2,0,1.2,65.9,15.8,0.6,0.2,6.6,0.8,1.1,2.1,0.1,16.7,1.1,29.8,0,0,0,0,0,0,3.6,2.6,1,21.9,0.2,1.8,26.2,11.7,7.8,35.6,49.2,5,0.8,1.7,10,9,0,1.7,16.6,0.1,13,4.3,0,0,88.6,0.5,0.5,19.2,0,0,30.8,22.4,11.6,2.1,0,0,11.8,0,0,0,0,0,0.2,0,0,0.2,15,0
1991,0.1,97,0,0,34.6,0.5,0,16.1,3.6,2,5.2,13,0,0,0,0,0,0,17,0,0,0,0,0.2,0,0,0,0,0,0,0,35.2,16.7,52.8,0.4,13.1,22.6,1.6,0,11,39.6,0,11.6,4.1,32.7,0.6,99.8,10.7,16.7,14.2,9.6,0,1.4,0.6,0.6,0,0,0,12.8,0,0,29.4,3.4,11.8,15.4,13.8,7.4,5.7,17.2,4.8,0,10.7,0,41.4,14.2,1.2,2.2,0,12.4,1.8,0,1.3,8.2,0,0,0,0,0,28,3.2,14.8,2.2,0,0,0,0,5.4,3.2,9.6,11,0,12.4,2.2,2.8,4.2,2,6,2.6,0.2,17.8,1.8,0.8,21.6,2.2,5.6,13.6,2.8,17.8,12,2.8,0,5.4,5.8,49.8,1.9,9.2,15.3,17,74.8,2.8,14.8,26.2,12,7.3,2.4,0.6,1.1,1.2,6.3,5.2,0.8,0,0,0.4,0,0.2,1.2,2.2,0,15.9,35,10.2,4.5,4.6,21.6,0,0,0,0,0,2.4,0,8.3,17.8,27,0,0,0,21.8,8.2,0,0,4.4,0,0,0,0,1.6,11.4,2.2,0,0,0,15.6,9.9,12,0,0,0,0,0,24.6,41.4,0,0,1.4,0.1,0,14.6,0,0,7.2,0,131,3.1,1.7,10,6.8,1.1,0,13.8,3.6
1992,14,0,12.4,1,27,4.2,0,0,13.4,0,33.6,0,0.8,0.5,1.8,0,0,0,0,4.2,0.6,0,12.4,11.6,15.1,0,45,1,0.2,0.5,3.5,2.4,3,2.7,31.6,35.4,21.6,1.8,10.1,1,0,15.8,30.4,13.2,39.6,18.4,0.2,25.6,2.5,0,18,1.1,0.1,8.9,0,0,0.1,1.9,21.8,28.6,3.2,1.6,12.8,2.1,25,13.1,0.3,6.8,43.2,11.3,0.4,2,1.7,4.6,3.2,0.2,0,12.9,2.2,6,10.2,1.8,33.4,0,5,3.6,24.1,9.4,8.6,6.4,4.8,0,0.3,0,0,0,0,6.6,11,1.6,0,4,0.1,8.1,0,0,0,0,0,16.4,20.8,21.7,11,5.8,3.8,3.4,0,0,0,0,0,0,0,0,29.6,0,6.8,4.4,1,2.6,1.3,15.1,0,0.5,5.4,2.3,21.9,0,20.2,22.4,16.4,13.5,21.3,0,0,0.4,51.6,1.5,0.3,8,11.6,0,0.2,0,0,0,0,0,0,0,0,0,0,0,0,4,12.6,2,0,0,0,11.4,0,20.9,0,0,0,2.4,1.4,5.3,7.8,7.1,16.9,31.8,0.6,8.8,15.5,5.8,0,0,2.8,6,2.9,0,0,0,0,0,0,0,0,0,0,0,0,0,0.6,2,0,0,0,0
1993,0.4,1.1,0,0,1.4,0,0,0,0,0,0,0,0,0,0,0,0.1,14.9,0,0.2,1.5,0,28.9,0.1,0.5,4,17.4,4.4,0.2,0,0,0,0,3.7,0.1,0,3.9,22.4,6.7,0,0,0,0,0,0,7.5,0.1,0,0,36.2,11.9,4.3,23.3,0.3,0.4,0,0,97.3,0.1,0,6.8,0,0.8,7.4,0,0,8,14.9,2.7,18.5,1.2,0,21,0.8,0,1.2,3.9,0,0,27.2,0.3,59,4.1,48.3,35.6,27.6,4.3,0.3,0,0.8,0,8.6,4,3.8,4.2,0,0,25.4,0,31.2,28.4,0,13,1.4,2.4,1,1.3,0,0,0.2,2.6,0.7,0.3,5.2,11.2,14,0,8.9,4,0,3.6,0,0,0,0,0,0,4.1,24.6,0,15.8,0,14.9,0,6.6,1.2,6.6,15.9,18.8,0,0,0,0,0,0,16.9,0,3.4,6,0,0,0,0,6.2,29.1,50,33.5,32.7,1.3,3.1,0,3.6,0.9,25,5.4,0,33,6.8,0,15.8,24.1,0,2.4,31.4,17.9,2.1,0,0,0,0,0.1,0,46.1,0,6.6,8,0,0,0,14.8,20.7,10.3,0,0,0,16.6,2.8,0,0,0,16.8,0.1,0,0,0,0,0.3,0,0,0,0,0
1994,0,0,0,0,0,0,0.8,2.8,0,0,0,0,0,0,0,0,0,0,14.7,0,0,8.8,0,0,0,0,8.4,0.7,13.6,0,0.2,0,0,0,0,0,0,0,0,0,2.3,0.5,3.4,0,1.7,0.3,39.3,0.3,0.5,5.4,25,5.6,16.5,77,5.3,73.4,1,10,1.4,0,0,29.6,4.8,1.4,14,2.3,1.8,0.9,24.2,8.3,18.5,0,0,0,0,7.8,0.1,13.2,0,0.6,0,5.4,22.9,27.5,1.4,0,0.8,0.5,0.2,1,6.7,0.1,1,3.6,9.2,7.1,14.6,6.8,0.6,0.8,0,0,0,0,0,0,0,0,0,0,0,38,0,0,13.8,11.7,6.3,2.4,57.4,12.4,0,8.5,10.4,8.6,0.2,62.3,5.7,0.4,0,0,0,24.9,2.8,7.5,15,1.6,0.1,3.2,5,0.6,7.1,3,0,4.6,0.7,0,0,0,0,3.8,1.2,1.1,0,0,0,0,0,0.4,0,40.4,0.3,0,0,0,0,0,7.3,0,6.2,23,31.8,0,5.6,7,0,0,8.4,62.1,9,27.8,22.7,0,19.2,0.1,16.4,0.6,0,4.8,4,1.2,3.1,0,0,0,0,0,0,0,0,0,0,1,5,60.4,16.9,0,7.6,0,0,0,0,0
1995,0,0,0,0,0,0,13.6,30.8,0,0.2,4.1,2.9,13.8,0,0,0,0,0,0,0.2,53.6,1.8,4,0,0,0,0,0,17.4,0.5,1.4,3.8,15.8,14.2,24.7,18.8,0.9,0,0,0,1.6,2,1.8,31.6,0,1.4,7.6,0,0,26.4,1,0.4,0,0,9.3,3.6,2.7,0,0,15.9,8.4,6,0,0,4.5,9.5,0,0.5,13.1,56.1,0.1,4,1,15.9,32.8,7.2,1.1,0.4,0,0,0,11.2,0,12.2,0,0.5,8.8,5.6,38.2,1.3,14.1,0.1,0.2,8,0.1,0,0.1,0,0,0.3,0,2.2,38.1,2.2,19.9,6,0,0,0,0,0,0,0,2.2,0,0,0,0,0,0,0,5.4,0,0,0.4,0.8,12,1,0.3,11,0.8,0,0,0,0,10.8,0,0,0,0,0.4,1,2.9,20.6,0.9,2.3,3.1,11,3.7,0,8.1,0,0.6,8.5,1.1,40,19,40.4,10,16.2,0,5.4,0.7,0.5,32.6,0,0.4,0,1.6,0,0,4.5,0,0.3,1.6,0,0.7,7.2,0.2,12.5,0,0,0,0,0.3,0,0,0,0,0,0,0,14.8,0,11,15.1,16.7,3.1,0.5,1.2,0,24.6,1.4,0,0,0,0,0,0,0,0,0
1996,0,0,11.8,0.8,0,4.6,7.1,0.5,0,0,0,0,0,4.5,0.1,4.7,0,2.6,0,1.6,2.4,16.6,0,0,0,34.2,0,0.6,0,12.8,2.4,22.7,0.3,4.3,2.1,3.6,35.3,0,0,0,0,0,0,0,0,6.4,16.8,24,0.1,4.5,15.2,15,6.4,19.4,49.4,3.9,0,11.8,1.2,1.1,7.4,11.2,9.1,0.2,0,0,0.2,12.6,1.3,13.1,13,23,51,1,0,1.2,0,0,0,0,21.4,21.3,3.3,16.1,5.6,6.5,7.4,12.1,13.3,0.4,1.9,4.6,23,1.3,3,75.2,29.4,12.1,3.4,0.4,0.2,0,1.1,0.7,5.6,0,10.2,0,39,0,4.2,0,6.7,5.3,4.2,0,9,16.8,5.5,2,29.4,19.1,8.6,0,0,1.6,7.8,0,0,0,0,0,0,0,1.9,0,3.6,0,0,0,11,0,0,22.9,0,0,0,0,18.5,1.6,0,28.7,22.9,0.6,1,14.4,29.3,10.2,18.4,0,1.6,0,0,0,16.4,17.3,0.3,5.5,15.5,11.1,30.9,11.6,52.6,0.4,32.4,0,0,0,3.2,8.6,12,27,11.9,1,24.4,0.2,12.9,0,35,0,0,0,0,0,0,3.1,0,1.4,1.4,8.2,0,0.4,19.5,2.7,1.1,0,0,0.1,12.5,0,0,0.1
1997,0,0,0,0,0,0,0,0,0,0,0,0,0,0,0,0,0,41.7,1.9,0,0.5,5.3,0.1,0,47.1,0,0.2,0,0,7.5,0,0.1,0.6,0,0,0,0,0,0,0,5.6,1.1,3.3,31,19.1,0.2,24,1,27.6,34.4,10.3,1.6,0,1.6,2.3,1.5,7.1,1.6,11.3,1.1,2.1,0,0.2,0.4,23.3,1,4,0,14.9,4.6,0,16.9,10.4,1.3,0,4,0.1,31.4,1.3,27.5,0,0,0.2,2.7,0,0,0,6.1,1.4,5.6,0,0,0,0,0,0,0,0.1,0,9.6,18.4,9.5,2.9,0,26.1,9.7,0,0.4,0.8,0.1,2.4,93.6,0,10.2,2,0,0,10.1,24.7,10,4.2,0.4,11.1,3.6,0,0,0,0,10.2,0,0,15.9,0.6,1.1,0.7,0.2,10.6,9,1.8,2.4,5.4,0.2,0,11.2,22.9,4.8,0,12.5,0.2,14.8,0,0,0.1,9.4,0,0,0,0,0,0,0,0,6.1,0.5,2.4,71.1,54.5,0,65.2,0,0,0,0,12.8,0,0,1,5,35,0,0,0,0,0,35.4,0,0,0,0,0,0,17.1,0,0,0,0,0,0,0,0,12.2,0.3,0,0,0,0,0,0,0,0,0,2
1998,0,7.7,0,0,0,0,0,0,0,10.3,0,12.9,11.8,5.4,0.6,0,29.8,15,0.1,21.8,0,0.1,1.9,0,0,0,1,0,0,0,7.4,0.7,14.8,1.7,0.8,14.4,0,0.1,0,10.9,20.2,10.7,11.2,0,14.9,14.6,0,1.9,1.5,7.5,2.3,14.6,19.1,7.6,20.9,53.1,7.6,1.2,0.2,47.4,0.6,4.1,2.2,29.3,21.4,0.8,2,3.1,0,0,0,0,0,4.4,0,4.6,4.6,20.8,0,1.6,0.1,6.1,21.1,0.9,16.7,4.6,0.4,0,0.2,18.1,0,0.7,6.3,0.2,0.2,0.9,0,5.9,1,0.2,0.6,0.2,0,8,3.1,9.2,3.4,0,2.8,3.6,0,0,0,0.4,0,0,0,0,0.9,6.2,14.4,3.2,0.6,8.8,0,0,0,0,0,0,15.2,0,0,0,14,4.6,0,0,0,0,0,0.3,40.8,0.4,0.6,15.8,0,0,1.4,6,0.7,46.2,6.9,12.2,0,18.4,5.1,6.5,10.1,6.2,0,0,0,6.6,11.8,52.4,2.3,34.8,8.2,0.4,0,0,0,0,0,0,0,0,0,0,0,0,0,0,0,0,0,0,0.2,0,0,0,0,0,0,0,0,0,24.3,0,0,0,36.4,0,0,0,0,0,0,0,0,0
1999,2.2,6.1,0,66.9,0,0,0,0,0,0,0,0,0,0,0,0,0,0,0,6,0,0,47.3,0.9,1.4,7,43.5,0,18.4,0,0.4,0,0,0,0,0,5.7,58,1.7,2.3,9.1,36.9,0,6.9,8.7,0,0,12.4,1,5.6,11.5,15.1,6,10.4,2.4,13.7,5.2,60.4,6.2,0.1,10.5,0.1,0,0,2.9,21.4,31,23.3,1.8,10.9,0,0,0.3,0,3,0.4,5.6,11,7.8,0,0,0,0,2.4,35.2,43.8,2.9,0.4,0,0,1,0.1,1.3,14.4,26,2.9,3.4,17.6,23,0,0,0,0,0,0,0,0,0,0.4,0.1,0,6.6,5.5,5,0,6,2.4,5.8,0.2,0,0,8.9,0.5,2.2,4.2,3.6,0,4.3,10.6,7,0,1.1,2.9,10.7,15.2,21.1,14.3,1.3,0,0,14.4,9.9,10.6,0,7.3,0,0,0,0,23.3,4,0,0.5,9.3,0.2,39.2,0,0,0,0,22.6,45.3,14.6,0.2,1.4,0,0.4,2.9,17.7,8.7,34.9,0.6,0,0,0,0,0,0,0,0,31.1,0,0,0,0,0,0,0,0,0,0,0,0,4.1,21.5,2,0,16,0.3,0,36.5,0,15.4,2.7,0,0,0,0,0,0,0,0
2000,0,0,0,0.1,0,0,37.7,0,0,0,0,0,0,0,0,0,0,0,0,0,0,0,5.4,0,0,0,0,0,102.1,34.2,22.3,22.7,0,8,13.5,5.8,31.8,0.3,6.3,0,0,0,0,1.2,4.5,2.6,27.8,24.2,3.6,0,24.8,0,2.9,11.8,0,0,3.5,16.2,7.1,13,0.1,1.6,4.5,7.4,0,0,2.4,0.4,3.1,5,3.1,19.6,4.8,4.2,1.2,4.4,2.2,4.6,0.3,0,2.5,4.4,0,0.2,1.2,10.4,0.1,0,0,36.8,0,30.9,22.8,36.2,3.4,4.6,0,0,0,8.4,0,0,0,0.2,1.5,3.2,0,0,0,0.1,0,1.4,49.9,2.9,1.9,27.9,1.9,3,0,0,0,10.1,0,0,24,2.7,0,0,0,0,3.3,4.9,0,0,0,0,0,11.3,0.1,1.4,1.5,0,0,0.2,15.1,2.6,0,19.4,1.5,1.8,16.1,0,4,3.5,0.6,4.7,9.4,4.2,0,0,17.2,54.8,7.4,21,24.8,0,3.3,0.1,0,0.2,7.7,3.5,0,0,1.9,0,0,0,0.9,5.2,0.1,17,0,0,10,0.3,28.6,0,0,0,0,0,0,0,11.6,2.9,0,0,0,0,0,69.4,22.6,0,0,0,0,0,0,0,0,0
2001,0,0.5,5.3,0,1.2,29.4,0,0,3.2,0.5,0.3,0,0,0.4,1.6,2.6,2.6,13.4,40.9,13.9,0,10.7,0,0,0,0,0,0,0,6,0,0,13.4,17.7,4.4,6,0,2.9,2.1,1.3,6.9,0,9.6,24.8,0.6,2.3,0.2,21,0.2,14.6,2.6,5.6,2.7,0.9,4.1,24.5,0,0.7,0,9.8,20.7,4.7,4,7.4,0,0,2.2,21.4,4.2,0,0,0,0,0,0,1.1,42,8.3,0.2,0.2,8.6,6.9,0.7,3.3,15.3,4,0.4,9.3,2.3,13,24.1,7.8,0.9,11.7,0,12.3,0.7,6.5,0,2,23.7,7.5,0,14.3,0,8.9,2.4,8.6,20.5,15.9,24.7,9.3,1.8,0,0,0,0,0,0,22.8,12.5,1,0.3,33.3,10,1.8,30,0,0,4.1,4,16.8,11.6,0.2,11.4,12.3,0,0,0.3,0.1,40.4,29.3,10.1,5.6,0,0,0,0,6,5.8,0,0,0,0,0,0,0,0,0,0,0,0,0,0,0,10.1,25.5,45.2,3.9,1.2,0.3,10,0.1,3.6,0.4,19.3,0.2,13.9,0.1,0,0,0,0,0,0,0,0,0,0,5.3,11.1,0.5,71.4,0.8,1,0,0,0,0,0,0,0,0,0,0,0,0,0,0,0,0,0
2002,0,0,0.1,0,0,28.7,0,0,0,0,0,0,0,0,0,0,0,4.3,0,0,0,0,0,0,0,0,0,8.2,4.4,0.2,11.6,24.9,0,5.3,5.9,3.9,6.1,10.9,0.3,0,10.9,0.1,0,40.5,0,0,0.2,0,0,0.5,0.6,0,20.3,10.8,33.4,0.5,0,0,0,0,0,0,0,0,0,0,0,3,0.1,22.4,3.3,11.2,6.1,14.6,18.2,4.6,33.3,1.8,3.3,20.2,2,0,4.3,4.5,23.8,0,5.9,41,1.6,31.9,94.8,19.2,14.5,4.6,7.1,26.8,0.8,14.5,4.8,2,0,0.1,3.1,17.2,0,8.1,18.7,5.6,5,23.8,0.1,0.3,37.4,1.1,13.7,0,0.1,0,0,0,0.2,15.9,3.9,2.3,0,9.1,0,0,0,1,7.6,0,0,0,0,0.5,0,33.9,10,59.7,2.6,0.6,2.3,9.8,1.6,0.1,0,0,0,0,0,0,52.2,27.8,0.2,17,0,0,0,7.2,10.8,4.9,36.8,9.3,0.6,0,13.1,0,0.6,1.9,1.1,0.7,6.2,0.7,1.7,0.2,6,2.2,0.8,0.3,4.4,1.5,0,4.8,0,0.7,7.8,29,1.3,0,0,0,0,0.4,26.2,0,0,0,0,0,0,0,0,0,0,0,0,0,0,0,0,0
2003,0.2,0,0,0,0,0,0.4,34.8,0,0.8,4.5,0.2,0,0,0,0,0,0,0,0,0,0,6.6,1.9,1.5,0,6.6,6.6,0.6,0,0.1,0.7,1.5,9.8,0,0,4.4,5.1,28,4.2,14.2,10.6,0,0,32.5,19,0,25.1,1,30.6,11.8,1.2,0,0,0,0,1.9,0,24.5,0,50.3,1.1,0.8,19,0.4,0,0,4.2,3.5,1.2,19.2,7,0,0,0,0,0,0,0.2,0,0,0,0,11,0,0.1,17.8,0,70.4,20.7,14.3,0.6,0,3.4,0,20.7,0,14,1.3,2.8,2.5,0.2,3.6,21.3,1,3,0,25,29.7,9.6,3.9,5.3,36.8,8.8,3.2,9.9,40.5,37.4,35.4,22,3.1,0,0,15.9,15,36.3,23.9,2.1,0,42.3,29.9,2.3,52.5,10,8.6,1.3,2,0.6,4.1,0,66.4,14.7,23.3,2.3,43.3,3.2,1.4,3.8,6,10.7,0,0.4,2.2,0,5.6,0.3,55.4,13.1,1,0,0,0,0,0,0.2,27,26.2,2.1,4.3,8.6,0,12.5,2.4,1.1,0,31.4,0,18.3,15.6,34.9,0.4,1.9,2.3,10.7,6.8,8.9,33.1,0,15,7.5,0,12.1,26.8,4.4,10.3,6.7,1.6,8.5,2.3,1,0,0,0,0,0,0,0,0,0,1.6,13.9,0
2004,0,0,0,0.6,0,0,0,0,38,2.7,3.8,12.4,0,0,0,0,0,0.2,0,0.7,3.8,0.1,0,13.1,1.8,24.7,48.7,10.7,11,0,0,5.8,2.9,0,0,0.1,8.9,0.6,11,1,1.6,0,0,0,4.3,0.1,40.4,0,1.4,4,9.8,4.6,0,2.2,0,0,0,0.8,0,1.4,3,0.1,1.6,0.1,0,0,0,0,0.6,0,4.9,0.4,3.9,0.1,0.5,9.8,15.9,2.2,2.5,0.5,0,10.6,0.2,2,0.6,5.5,0,26.8,28.6,2.6,6,0,0,2.8,7.5,11.1,33.1,2,0.3,0,41.2,29.8,0,1.2,1.6,6,1.1,33,0.5,1.6,4.8,0,1.3,0.2,2.9,5,0,0.1,0,8.8,25.8,9,14.5,5.8,55.4,24.8,0,0,0,0,2.5,0,0,10.2,19.1,6.3,0,0,8.1,0.3,18.3,0,1.6,0,0,0,0.2,0,1.4,0,110.7,15,15.6,1.1,11.7,66.5,15.3,0,0,0,7.4,0,7.4,0,0,0,13.4,0,43.9,0,2.6,31.3,1.4,12.7,0,0,0,18.2,29.1,6.7,0,0.5,0,11.8,1.6,0,0,0,0,0,0,0,0,0,0,0,0,0,0,0,0,0.1,0.7,0,0.7,0,0,5.8,1.6,2.2,1.5,2
2005,9.5,0,0,0,2.4,0,0,0,0,0,0,0,0,0.7,0,0,0,0,0,0,0,0,0,1.2,2.4,0,0,0,40.8,0,0.3,0,9.8,1.3,0,22.6,5.3,0,0,0,2.3,38.8,13.8,0.6,13.8,0,0,4.5,1.3,18,0.4,0,2.7,28.5,5.2,0.1,19.4,5.3,0,16.7,16.1,21.9,0,7.7,40.7,10.6,52.1,4,2.5,34.1,0.7,23.5,18.9,34,0,26.1,54.7,5.7,3.5,23.4,3.1,0,0,0,0,0,0.6,4.7,19.8,0,29.2,0.7,2.8,0.1,4.7,10.7,0,23,12.5,2.1,7.8,2.1,0.1,0,0,0,0,0,0,0,0,0,0,0,0,0,0,0,0.2,33.3,9,7.2,7.5,18.6,62.5,1.3,0.1,0,0,16.4,0,21.6,0,33.8,0,0,5.3,2,0.8,1,0,0,6.4,2,13.8,0,2.8,0.5,0,0.6,2.4,0,34.8,0,0,5.9,0,0,2.4,11.2,44.1,0,30,1.3,1.9,2.2,9.3,4.3,23.2,0.7,1.3,15.5,0,0,0,1.8,0.1,19.9,0.9,0,4.5,42.7,0.2,8.4,0.1,0,0,5.8,0.9,18.8,15.5,11.2,2,1,8.6,0,0,0,0,35.7,33.4,0,0,0,0,0,0,0,0,0,0,0
2006,0.3,2.8,0.4,8.9,2.7,12.4,3.2,69.7,5.3,42,1.6,26.9,19.1,33.7,0,0,3.7,10.1,29.2,14.3,1.7,0.3,84.8,15.1,8.5,13.5,103.1,0,12.7,0,0,0.5,19.4,2.2,19.9,4.4,5.4,17,39.8,0.6,7.4,5.2,0,0.1,0,0,0,0,0,0,0,0.8,1.7,26,0.3,0,22.8,1.8,17.2,2.9,0,17.2,1.4,3,0.3,0,0.6,1.1,1,15,0.3,0,71,1.1,1.4,13.8,1.1,0.2,28.9,13.4,1.1,0,0,0,0,0,0,1.1,3,1.2,2,3,71,32.3,9.2,4.2,0,3.8,20.1,1.6,0,0,0.9,1.1,15.2,11,20.9,0.4,11.8,0,15.8,0,0,0,1.1,1,20.7,2.7,2.5,8.8,6.8,1,5.6,2.7,2.8,8.6,36.4,9.1,2.1,16.8,27.2,2.7,0,0,8.8,13.9,22.9,3.6,0,0,29,13.6,7.9,13.9,0,0,0,0,33.9,4.8,5.2,0.1,0,0,0,0,0,0,0,0,0,0,0,0,0,0,0,17.6,4,10.6,0,0.1,2.9,0,0,0,0,0,0,0,0,0,0,0,0,0,0,0,0,0,16.9,0.3,0.1,0,0,0,0,0,0,8.8,13.3,4,4.7,0,0,0,0,0,1.6,0,0,0
2007,0,4.7,0,0,0,0,0,0,0,0,0,0,16.8,1,0,0,0,0,4.1,0.2,0,0,1.8,0,1,5.3,2.2,0,0,0,1.2,0.4,3.7,41,0,19.2,13.4,3.2,0,0,28.3,35,0,6.8,5.3,3.8,4,0,0,0,0,0,0,3.6,0,0,49.5,7,0,0,4.3,37,1.4,14,0,22.5,0,0,13.1,57.2,6.7,10.5,4.6,0,32.8,0.1,0.7,8.5,0.9,30.9,4.7,10.1,4.3,1.9,5.8,3.8,0,0,0,0,0,0,0,0,0,0,0,0,4.2,0.1,4.5,23,0.1,1.9,11.6,0.1,0,0.9,44.3,0.9,16.8,0,21.8,0.1,11.2,3.2,15,2.1,12,18.7,0.6,2.8,5.1,1,0,6,5.2,0.3,7.4,9.8,12,0,0,0,0,0,0,0.6,11,2.2,0.1,1.5,2.1,90.4,0.4,0.2,1.9,0,20.4,1.2,41.5,27.3,10.8,3.6,2.6,27.5,0,12.4,16.3,1.4,1.6,8.4,3.4,0,17.8,0.8,0,12.1,0,0.7,0,0,0,0,0,19.6,2,0.2,0,21.8,0,50.5,0,0,0,0.3,71.8,11.2,12.3,4.2,0,0,0,0,0,1.1,0,25.4,0.2,0.2,0,0,0,0,0,5,0.4,0,0,71.6,7.2,0
2008,0,13.7,1.2,4.7,0,0,0,0,0,0,0,0,0,0,0,0,0,0,0.4,0,0,0,6.6,0,0,0,0,0,0,0,12.1,0,0,0,18.6,0,11.6,0,0,9.6,1.2,21,39,14.4,0.3,0,10.4,0,3.8,11.2,0.1,7.9,1.3,4.7,2.3,0,0,34.6,5.7,65.5,0,35.6,1,34.2,6.8,0,0.3,1.2,0,0,0,21.6,3.3,0,1.1,0,16.3,19.6,17.2,4.8,8.7,3.1,42.6,47.9,0,1,5.6,1.7,2.7,31.4,14.9,0,2.7,22.3,0,1.7,8.8,15,9.2,4.1,14.4,0.2,0,0,0,0,0,0,4.4,0,25.8,20.9,9,1.2,27.2,23.2,5.4,1,0.1,0.5,5.7,0,0,3.1,0,32,13.1,1.3,0,0,0,14.8,0.1,16.4,2.4,0,0.7,11.8,2.6,0,0,0,0,0,0,0,11.7,21.3,1.7,0,0,0,0,0,0,0,0,8.1,0,5.6,0,3.7,4,0,0,0,0.5,0.2,7.9,0,0.5,0,1.1,4.4,0.2,2.4,4.1,14,16.9,3.2,2,2.2,0,2.9,0.2,57.9,59.9,19,0,17.4,2.4,7.8,0,0.4,98.1,0,0,52.8,0.4,0,0,0,0,0,0,0,9.2,7.2,74.5,0,0,0
2009,0,0,0.2,4.2,0.6,6.4,0,0,8,26,4.8,0,10,5.4,0,6.4,0,48.8,0.2,1.4,2.8,4.8,5.1,4.1,0.6,38.7,26.4,21.8,26,7,0.2,0,0,5.2,32.8,13.6,5.3,9.2,0,0.2,11,20.8,1.2,30.6,0,0,0,0,0,2.4,28,0,0,0.2,14.3,0,16.4,2.6,0.2,0,4.5,1,67.4,2.6,0.1,18,6.7,26.4,0.4,0,8.4,0,0,0,0,8,0,0.2,0,1.8,0.5,18.9,27.1,13,22.8,0,17.1,5,42.8,0.6,6.4,2.5,5,13.2,0.2,0,0,0,11.2,16.2,0.1,0,0,0,22.4,7.6,14,0,0.2,0,0,0,6,0,11.9,0.6,0,0.9,2.4,1,1,4.2,0,0,0,0,0,0,0,13.2,1,1.1,0.5,0.2,0.8,0,0,0,0,0,0.6,12.2,0,0,0,0,0,0,3.9,0,2.8,0.9,0.2,1.5,6.1,23.9,0,18.5,11.8,0,5.9,0,0,0,0,0,0,0,0,12.2,31.9,43.7,0,0.3,25.3,1,3.1,0,3,0,47.6,12.5,6.2,74.2,8,40.6,55.9,5.1,45.4,0,0,0,0,0,0,0,0,0,0,0,0,0,0,0,0,0,0,0,0,0,0,0
